{"cameraMode":{"drawMode":0,"name":"Shaded","section":"Shading Mode"},"sceneLighting":true,"audioPlay":false,"sceneViewState":{"showFog":true,"showMaterialUpdate":true,"showSkybox":true,"showFlares":true,"showImageEffects":true,"showParticleSystems":true},"in2DMode":false,"pivot":{"x":1.5305299758911133,"y":7.442329406738281,"z":10.364376068115235},"rotation":{"x":-0.07783038169145584,"y":0.10061635076999664,"z":-0.00789489597082138,"w":-0.9918466210365295},"size":22.3183650970459,"orthographic":false}